{
    "accuracy": [
        0.29616644978523254,
        0.5965670943260193,
        0.7457658052444458,
        0.8251229524612427,
        0.8738390207290649,
        0.9086687564849854,
        0.9296576380729675,
        0.9418138861656189,
        0.9546530842781067,
        0.9616190195083618,
        0.9689947366714478,
        0.9731833934783936,
        0.9756875038146973,
        0.9775086641311646,
        0.9827445149421692,
        0.9825168251991272,
        0.9850209355354309,
        0.9848843812942505,
        0.986614465713501,
        0.9867510199546814,
        0.987570583820343,
        0.9883445501327515,
        0.9899836182594299,
        0.9894372820854187,
        0.9909852743148804,
        0.9914860725402832,
        0.9911673665046692,
        0.9912129044532776,
        0.9901657104492188,
        0.9914860725402832,
        0.9923055768013,
        0.9936259388923645,
        0.9920779466629028,
        0.9938535690307617,
        0.9943544268608093,
        0.9937170147895813,
        0.9933527708053589,
        0.9971771836280823,
        0.9974958896636963,
        0.9974503517150879,
        0.9968584775924683,
        0.9976325035095215,
        0.9968129396438599,
        0.9968584775924683,
        0.9971771836280823,
        0.9977235198020935,
        0.9982699155807495,
        0.9984520077705383,
        0.9985886216163635,
        0.9977690577507019
    ],
    "loss": [
        2.2391324043273926,
        1.1413662433624268,
        0.737150251865387,
        0.5218350887298584,
        0.3851628601551056,
        0.28884851932525635,
        0.2263627052307129,
        0.18506672978401184,
        0.14967532455921173,
        0.12698443233966827,
        0.1058301255106926,
        0.094157874584198,
        0.08289628475904465,
        0.07762734591960907,
        0.061484698206186295,
        0.057857997715473175,
        0.051543883979320526,
        0.05062370374798775,
        0.04603831097483635,
        0.0424756295979023,
        0.03994845971465111,
        0.03897185996174812,
        0.03390029817819595,
        0.03557400777935982,
        0.02898114174604416,
        0.030746566131711006,
        0.027621256187558174,
        0.028883153572678566,
        0.03129987418651581,
        0.02692776918411255,
        0.02513803355395794,
        0.02260064333677292,
        0.025265786796808243,
        0.021117616444826126,
        0.020035723224282265,
        0.01902753859758377,
        0.022921117022633553,
        0.011336895637214184,
        0.009729603305459023,
        0.010397838428616524,
        0.010573313571512699,
        0.008757594972848892,
        0.011420714668929577,
        0.011226875707507133,
        0.01002672128379345,
        0.008697448298335075,
        0.0071554239839315414,
        0.006813220214098692,
        0.005818025209009647,
        0.007410851307213306
    ],
    "val_accuracy": [
        0.18375523388385773,
        0.7211801409721375,
        0.6845747828483582,
        0.9058459401130676,
        0.9012930393218994,
        0.7876524925231934,
        0.9479147791862488,
        0.9610271453857422,
        0.9526497721672058,
        0.9555636644363403,
        0.9613913893699646,
        0.985977053642273,
        0.9719541072845459,
        0.9990894198417664,
        0.9923511147499084,
        0.9996357560157776,
        1.0,
        0.9998179078102112,
        1.0,
        0.9990894198417664,
        0.9974503517150879,
        0.9950828552246094,
        1.0,
        0.9998179078102112,
        1.0,
        0.9996357560157776,
        1.0,
        1.0,
        0.9976325035095215,
        0.9969040155410767,
        0.8876343369483948,
        1.0,
        0.9998179078102112,
        0.9996357560157776,
        1.0,
        0.99071204662323,
        0.9996357560157776,
        0.9994536638259888,
        1.0,
        1.0,
        0.9998179078102112,
        1.0,
        1.0,
        0.9996357560157776,
        1.0,
        1.0,
        0.9998179078102112,
        1.0,
        1.0,
        1.0
    ],
    "val_loss": [
        2.701530694961548,
        0.8528221845626831,
        0.770344078540802,
        0.30610191822052,
        0.30592337250709534,
        0.6112686395645142,
        0.12796267867088318,
        0.12242759764194489,
        0.11703287065029144,
        0.10957467555999756,
        0.10077796876430511,
        0.05074378475546837,
        0.08524758368730545,
        0.010495281778275967,
        0.036673493683338165,
        0.005685873795300722,
        0.0048482161946594715,
        0.003106151008978486,
        0.0019932035356760025,
        0.007873732596635818,
        0.009803174063563347,
        0.019671250134706497,
        0.0016102812951430678,
        0.0017418054630979896,
        0.0021413364447653294,
        0.0019431766122579575,
        0.001587218139320612,
        0.0012691998854279518,
        0.006333065684884787,
        0.011860364116728306,
        0.40887966752052307,
        0.00024738648789934814,
        0.0020707619842141867,
        0.0015395039226859808,
        0.00040483608609065413,
        0.02668684907257557,
        0.0015947548672556877,
        0.0011672790860757232,
        0.0001673821097938344,
        0.00014047851436771452,
        0.002152346773073077,
        0.00019075142336077988,
        0.00042759848292917013,
        0.0015684196259826422,
        4.658592661144212e-05,
        0.00011758274922613055,
        0.00029860285576432943,
        3.202729931217618e-05,
        3.8791167753515765e-05,
        2.627055255288724e-05
    ],
    "learning_rate": [
        0.0010000000474974513,
        0.0010000000474974513,
        0.0010000000474974513,
        0.0010000000474974513,
        0.0010000000474974513,
        0.0010000000474974513,
        0.0010000000474974513,
        0.0010000000474974513,
        0.0010000000474974513,
        0.0010000000474974513,
        0.0010000000474974513,
        0.0010000000474974513,
        0.0010000000474974513,
        0.0010000000474974513,
        0.0010000000474974513,
        0.0010000000474974513,
        0.0010000000474974513,
        0.0010000000474974513,
        0.0010000000474974513,
        0.0010000000474974513,
        0.0010000000474974513,
        0.0010000000474974513,
        0.0010000000474974513,
        0.0010000000474974513,
        0.0010000000474974513,
        0.0010000000474974513,
        0.0010000000474974513,
        0.0010000000474974513,
        0.0010000000474974513,
        0.0010000000474974513,
        0.0010000000474974513,
        0.0010000000474974513,
        0.0010000000474974513,
        0.0010000000474974513,
        0.0010000000474974513,
        0.0010000000474974513,
        0.0010000000474974513,
        0.0005000000237487257,
        0.0005000000237487257,
        0.0005000000237487257,
        0.0005000000237487257,
        0.0005000000237487257,
        0.0005000000237487257,
        0.0005000000237487257,
        0.0005000000237487257,
        0.0002500000118743628,
        0.0002500000118743628,
        0.0002500000118743628,
        0.0002500000118743628,
        0.0002500000118743628
    ]
}